config,val_accuracy,val_logloss,val_matches,match_acc,match_logloss,match_n,draws_predicted,group_winners,groups,r32_hits,advance_acc,advance_auc,teams
poisson_base,0.5157232704402516,1.0064348484353163,2544,0.5416666666666666,1.0418190556298914,72,0,6,12,24,0.6666666666666666,0.76953125,48
poisson_recency_1.5,0.514937106918239,1.0065019570375537,2544,0.5277777777777778,1.0415175743077674,72,0,6,12,25,0.7083333333333334,0.783203125,48
poisson_recency_4.0,0.5200471698113207,1.00696972411574,2544,0.5694444444444444,1.0410891084997276,72,0,8,12,24,0.6666666666666666,0.7578125,48
poisson_elo_0.5,0.6175314465408805,0.8594168658145289,2544,0.625,0.8415927061680458,72,0,11,12,26,0.75,0.86328125,48
poisson_elo_1.0,0.6183176100628931,0.9367654664285388,2544,0.625,0.8568792726293313,72,0,11,12,26,0.75,0.861328125,48
poisson_elo_1.5,0.6206761006289309,1.1787578379159054,2544,0.6388888888888888,1.0709791255535692,72,0,10,12,26,0.75,0.857421875,48
poisson_elo_1.0_rec2,0.6183176100628931,0.9376004841192034,2544,0.625,0.8570007262773356,72,0,11,12,26,0.75,0.861328125,48
